사용장소,주소,사용금액,lat,lng,거리
#207,서울 관악구 원신길 128 #207,27200,37.5062485,126.9139521,4559.495385186744
(주)소명생고기,서울 금천구 시흥대로 264 (주)소명생고기,100000,37.4572027,126.8999277,5111.949203925282
(주)송원마포갈비,서울 영등포구 도림로147길 2-1 (주)송원마포갈비,45500,37.51664359999999,126.889236,6969.21168501084
(주)신세계페이먼츠,서울 중구 남대문시장10길 2 (주)신세계페이먼츠,546290,37.5603331,126.9829626,9555.694238954042
(주)신화아이푸드,충청북도 청주시 서원구 1순환로 886 (주)신화아이푸드,469500,36.6166154,127.4698355,106263.7975271029
(주)영풍안성상휴게,경기 안성시 원곡면 경부고속도로 372 (주)영풍안성상휴게,157000,37.0767919,127.1324401,47407.03977475644
11번가,서울 중구 한강대로 416 11번가,232240,37.5552519,126.9736873,8799.442712519218
406CAFE,서울 관악구 신림로29길 3-7 406CAFE,6500,37.4746034,126.9345131,1550.4930543341495
GS슈퍼마켓,서울 관악구 봉천로 576 GS슈퍼마켓,19360,37.4769621,126.9612792,869.9857033674522
GS슈퍼마켓,서울 관악구 쑥고개로 111 GS슈퍼마켓,362320,37.4793076,126.9489828,261.71457134496325
KFC,서울 관악구 남부순환로 1735 KFC,19200,37.4825001,126.9430337,895.1636752880831
KSNET,서울 강남구 테헤란로103길 9 KSNET,60000,37.5100433,127.0638239,10525.229135305191
SEROTONIN,서울 관악구 신림로22길 13 SEROTONIN,17400,37.4719269,126.9353963,1579.8070435622824
SOME801,서울 관악구 관악로14길 105 SOME801,48000,37.477829,126.9582338,592.8257890623655
㈜배다리문화원,강원 강릉시 운정길 63 ㈜배다리문화원,60000,37.7865935,128.8851277,173691.45763558667
가마솥,서울 관악구 관악로17길 13 가마솥,70000,37.480721,126.9510015,295.7257461338963
가마솥,서울 관악구 청룡1길 2 가마솥,154000,37.4811026,126.9463662,564.8550514241209
가마솥삼계탕,서울 관악구 대학6길 22 가마솥삼계탕,35000,37.4691768,126.9364372,1660.0441444370936
가빈,서울 관악구 신림로 158 가빈,28500,37.4728834,126.9338393,1664.6855299666672
가야촌오리주물럭,서울 송파구 오금로 533 가야촌오리주물럭,41000,37.4930311,127.1482337,17435.779194541516
가야촌유황오리,서울 관악구 봉천로 407 가야촌유황오리,71000,37.4831277,126.9451973,790.5389721903393
가온매운갈비찜,서울 서초구 서초대로48길 107 가온매운갈비찜,180000,37.4882139,127.0127318,5516.769648131386
가츠몽,서울 관악구 관악로 169 가츠몽,10000,37.4803628,126.9522379,260.02565874895106
감격시대,서울 서초구 서초대로50길 104 감격시대,220000,37.4885217,127.0137166,5608.830802095596
감나무집,서울 관악구 관악로11길 20 감나무집,6527500,37.4779063,126.9510024,50.53855773753564
값진식육,서울 영등포구 선유로 58-4 값진식육,55900,37.5189885,126.8896739,7102.762743427866
강강술래,서울 관악구 남부순환로 1660 강강술래,5068500,37.4846036,126.9350585,1623.2236310878234
강남식당,서울 동작구 사당로4길 13 강남식당,20000,37.4870536,126.9662019,1633.9933617433633
강문어화횟집,강원 강릉시 창해로 348 강문어화횟집,164000,37.79446,128.9187743,176759.81225846187
강촌민물매운탕2호점,서울 동작구 보라매로5길 15 강촌민물매운탕2호점,547000,37.4980977,126.9207548,3509.6582295995413
개성보쌈,서울 강남구 테헤란로103길 8-8 개성보쌈,21000,37.5100433,127.0649626,10619.848272647265
갯바위,서울 관악구 남부순환로216길 13 갯바위,458000,37.4808405,126.9491095,372.3726863619894
갯벌낙지,서울 관악구 봉천로 598 갯벌낙지,210000,37.4761012,126.963529,1082.2966624129504
거목쟁반짜장,서울 관악구 난우길 45 거목쟁반짜장,136500,37.476604,126.9169979,3051.213792213707
경복궁,서울 구로구 경인로 662 경복궁,220000,37.508568,126.888969,6476.160708105762
경식이네알쌈쭈꾸미,서울 관악구 조원로18길 25 경식이네알쌈쭈꾸미,137000,37.4828772,126.9140615,3348.206413640791
고기만족,서울 송파구 가락로 259 고기만족,46500,37.5110871,127.1185693,15187.07027083356
고기킹,서울 관악구 봉천로 421 고기킹,124000,37.4830023,126.9470055,675.9038341609739
고려왕족발,서울특별시 관악구 청룡길 9 고려왕족발,351000,37.4814642,126.9463416,591.2361099156819
고봉민김밥,서울 관악구 은천로 101 고봉민김밥,73000,37.4819484,126.9429985,865.8161517436592
고창복의낙지세상,서울 관악구 남부순환로 1725 고창복의낙지세상,1183000,37.4826174,126.9418374,991.7569712399398
고향순대국,서울 영등포구 디지털로 373 고향순대국,31000,37.4907284,126.90113,4663.192913793939
고향식당,서울 관악구 문성로 223 고향식당,50000,37.4794404,126.9286522,2023.8001122633161
고흥식당,서울 관악구 남부순환로214길 45 고흥식당,245000,37.48140240000001,126.9450176,681.8798146499423
광명수산,서울 금천구 시흥대로50길 11 광명수산,92000,37.4510783,126.9024507,5270.954570555768
광어삼촌,서울 동작구 상도로37길 55 광어삼촌,80000,37.4993246,126.9518531,2360.916835783795
교대전집,서울 서초구 서초대로48길 108 교대전집,200000,37.4881264,127.0124016,5486.266038741539
교동왕족발,서울 관악구 청룡2길 39 교동왕족발,60000,37.48120189999999,126.945172,658.479950032486
교촌치킨,서울 관악구 대학길 47 교촌치킨,56000,37.4685738,126.9378095,1607.924006522515
구름산원주추어탕,서울 관악구 관천로 47-1 구름산원주추어탕,144000,37.4834063,126.9260667,2322.7128534331373
구수옥설렁탕,서울 관악구 남부순환로 1696 구수옥설렁탕,586000,37.4834084,126.9384944,1292.7024124452353
국내산생고기,서울 관악구 신림로 278 국내산생고기,160000,37.4831472,126.9295332,2020.1801674148708
국회루,서울 관악구 은천로 35 국회루,225500,37.4864208,126.9392699,1423.5337797586392
굴러들어온복,인천 중구 연안부두로 63-1 굴러들어온복,64000,37.4533641,126.5996213,31179.5166729158
그린파크식당,인천 옹진군 백령면 백령로297번길 16 그린파크식당,1600000,37.9710576,124.7154316,204156.60849304192
금비,서울 관악구 신림로 164 금비,2756000,37.4732399,126.9341709,1623.676415057523
금수강산,경기 안양시 만안구 예술공원로208번길 72 금수강산,146000,37.4180622,126.9318451,6897.591723724429
금수사,서울 관악구 남부순환로226길 12 금수사,445000,37.4800528,126.9537539,293.5289265219295
기사님식당,서울 관악구 신림로 220 기사님식당,18000,37.4832776,126.9036646,4262.256808381748
기장산곰장어포차,서울 영등포구 도림천로 369 기장산곰장어포차,108000,37.493488,127.0157303,5918.118451716019
기절초풍왕순대,서울 관악구 봉천로62길 2 기절초풍왕순대,119000,37.4781513,126.958333,600.8792008740803
김가네,서울 관악구 관악로 152 김가네,479500,37.4786593,126.9525782,112.27155686555292
김밥,서울 서초구 사임당로 21 김밥,1021000,37.4939308,127.0117274,5596.241585821166
김밥천국,서울 관악구 난곡로24길 2 김밥천국,270000,37.4697681,126.9202845,2908.116382947154
김밥천국,서울 관악구 봉천로 372 김밥천국,16500,37.4795728,126.9521689,174.00401992830237
김밥천국,서울 관악구 신림로 312 김밥천국,36000,37.4836355,126.929515,2037.4749298420772
김밥천국,서울 관악구 신림로 329 김밥천국,14500,37.4836355,126.929515,2037.4749298420772
김밥천국,서울 관악구 은천로 109 김밥천국,10000,37.4869021,126.9475351,1040.741152895542
김밥＆백반,서울 관악구 난곡로 234 김밥＆백반,32000,37.4751473,126.9170268,3061.774495098693
김용해순대국,서울 관악구 남부순환로208길 5 김용해순대국,293000,37.4817673,126.9435008,817.3488552555682
김채원24시감자탕,서울 관악구 보라매로 8 김채원24시감자탕,100000,37.49021219999999,126.927838,2486.6862812884888
깡돈,서울 관악구 당곡길 65 깡돈,46000,37.4916223,126.9274001,2606.4663157105865
꽃올림,서울 관악구 신림로58길 32 꽃올림,17300,37.4822988,126.9316721,1813.0626207424905
꿀벌식당,서울 관악구 쑥고개로 52 꿀벌식당,12000,37.47951219999999,126.9424028,820.1762627741261
나의집,서울 관악구 남부순환로145길 14 나의집,24000,37.4821276,126.9123118,3489.051770438855
나주곰탕,서울 관악구 관악로 167 나주곰탕,401500,37.4802714,126.9522176,249.73228076961982
나주곰탕,서울 관악구 남부순환로 1727-8 나주곰탕,80000,37.4827049,126.9423558,957.7876502705641
나주곰탕,서울 관악구 신림로28길 30 나주곰탕,429000,37.4723233,126.9352541,1572.6238524132987
나주곰탕,서울 관악구 신림로28길 34 나주곰탕,18000,37.4723233,126.9352541,1572.6238524132987
나주오리종가,서울 관악구 신원로 15 나주오리종가,457000,37.4807296,126.9276331,2128.43696277963
낙성푸줏간,서울 관악구 남부순환로 1850 낙성푸줏간,143000,37.479941,126.9552682,389.02518240396984
낙지마을해물구이,서울 관악구 봉천로 469-1 낙지마을해물구이,136000,37.4824335,126.9522522,486.7906364970354
낙지촌,서울 관악구 남현1길 58 낙지촌,70000,37.47563299999999,126.9805356,2574.692571457767
남궁야,서울 서초구 방배천로4길 15-2 남궁야,111000,37.4781568,126.9835826,2828.9500450265896
남도식당,서울 관악구 청룡2길 3 남도식당,117000,37.481177,126.9459106,602.3917232739501
남도전문음식점,서울 관악구 관악로28길 7 남도전문음식점,1188000,37.4853412,126.9565108,918.1632869074114
남도해물요리전문점,서울 관악구 쑥고개로 80-1 남도해물요리전문점,115500,37.479192,126.9454049,553.5941411303152
남원추어탕,서울 관악구 쑥고개로 135 남원추어탕,3146000,37.4789062,126.9515579,90.3621727856314
낭만모로코,서울 관악구 관악로14길 88 낭만모로코,52000,37.4780438,126.9572112,501.8860180904323
내자리에프씨카페,서울 관악구 관악로5길 30 내자리에프씨카페,8500,37.4742312,126.9522319,434.0432183575884
너구리칼국수,서울 관악구 관악로15길 23-3 너구리칼국수,31000,37.4801282,126.9510857,229.47580605103042
노가리7080,서울 관악구 은천로 50 노가리7080,43800,37.4860413,126.9408353,1292.463260199379
농장사람들,서울 관악구 남부순환로210길 6 농장사람들,250680,37.4816819,126.9446383,726.8723743906261
다락방,서울 관악구 청룡길 47 다락방,68000,37.4795886,126.946029,512.5795917354844
다리목,서울 관악구 신림로58가길 7 다리목,2760000,37.4820993,126.9310248,1862.881421526232
다빈,서울 관악구 남부순환로233길 10 다빈,60000,37.4798276,126.9580444,606.8051239035534
다온죽카페,서울 관악구 관악로 246 다온죽카페,34000,37.4860474,126.9570048,1007.9733696797381
다우데이타,서울 구로구 구로동 다우데이타,58000,37.4951854,126.8820641,6416.544326991434
다이소,서울 관악구 남부순환로 1840 다이소,70200,37.48032329999999,126.9542849,347.5654316890962
달구리,서울 관악구 관천로 54 달구리,248000,37.4843751,126.9265317,2313.254476344449
당곡기사식당,서울 관악구 봉천로 301 당곡기사식당,846000,37.48684050000001,126.9344049,1796.5659680075603
당진강완옥아귀찜,서울 관악구 양녕로 40 당진강완옥아귀찜,120000,37.4855241,126.9470239,916.6596616406441
당진아구동태찜탕,서울 관악구 신림로 300 당진아구동태찜탕,280000,37.4739538,126.9359208,1451.8330751021879
당진아구동태찜탕,서울 동작구 사당로 229-1 당진아구동태찜탕,85000,37.5053806,126.942865,3128.8347923509323
대가한방오리,서울 관악구 봉천로 331-1 대가한방오리,87000,37.4854571,126.9374786,1485.3661521940437
대박수산,서울 동작구 노들로 688 대박수산,34000,37.5150948,126.9443784,4162.320937029007
대주직판장,서울 관악구 문성로 92 대주직판장,99000,37.4772897,126.913863,3324.5354674333125
대호아구집,서울 관악구 남부순환로 1829-9 대호아구집,456000,37.4815009,126.9536515,422.79548225814096
더고기서울대맛집,서울 관악구 관악로16길 16 더고기서울대맛집,117800,37.4802069,126.9536079,298.350535406213
더블미트 봉천점,서울 관악구 봉천로 421 더블미트 봉천점,30000,37.4830023,126.9470055,675.9038341609739
더진국,서울 관악구 신림로11길 17 더진국,41500,37.4696734,126.9389773,1450.0505736280688
던킨도너츠,서울 관악구 남부순환로 1640 던킨도너츠,38200,37.4870718,126.9471414,1070.5708246799986
도일각,서울 서초구 사임당로 46 도일각,150000,37.4905163,127.0244398,6580.372602742103
돈가대박집,서울 관악구 호암로 590 돈가대박집,32500,37.4698514,126.9332822,1852.4273243023872
돌체,서울 관악구 쑥고개로 84 돌체,40000,37.4790919,126.9457036,525.4549476604327
동강염소탕,서울 관악구 남부순환로 1713 동강염소탕,403000,37.4830887,126.9406408,1109.3657788767339
동경산책,서울 관악구 관악로14길 30 동경산책,54000,37.4788509,126.9541697,248.17021837495108
동원각,서울 관악구 청룡길 40 동원각,20000,37.4799631,126.9458972,538.2621298483846
동태찜&코다리냉면,서울 관악구 난곡로 83 동태찜&코다리냉면,173000,37.4628068,126.9187331,3356.1804967969797
동해,서울 관악구 신림로 286 동해,296000,37.4800665,126.9309226,1831.0860678064257
동해물회,서울 구로구 경인로 661 동해물회,300000,37.5093003,126.8874335,6634.188648518387
동해세꼬시,서울 관악구 청룡1길 16 동해세꼬시,96000,37.4810159,126.9470503,511.27244218473265
동해수산,서울 관악구 남현1길 24 동해수산,330000,37.4757491,126.9787454,2416.2416832536805
동해안횟집,서울 관악구 신림로67길 11 동해안횟집,144000,37.4859882,126.9286155,2203.7703232667054
두꺼비맛집,서울 관악구 낙성대로 11 두꺼비맛집,550000,37.4773371,126.9594764,706.7751288244258
두꺼비황소곱창,서울 영등포구 당산로 51 두꺼비황소곱창,54000,37.5246496,126.8957843,7139.791889708596
두부이야기,서울 관악구 양녕로 21-1 두부이야기,97000,37.4840456,126.9464843,797.3218634227752
들향기칼국수쭈꾸미,서울 관악구 조원중앙로 13 들향기칼국수쭈꾸미,186000,37.4811153,126.9048619,4131.196717604257
등갈비연탄구이,서울 관악구 원신길 157 등갈비연탄구이,434000,37.4899341,126.9183806,3207.1268770419633
등촌샤브칼국수,서울 관악구 은천로 51 등촌샤브칼국수,160000,37.4862512,126.9412192,1284.330277583848
등촌샤브칼국수,서울 송파구 동남로 286 등촌샤브칼국수,41000,37.5011111,127.1375,16606.930019642627
딸랏롯빠이,서울 관악구 관악로14길 39 딸랏롯빠이,81000,37.48121,126.952712,361.99512603917856
떡보의하루,서울 금천구 가산로 33 떡보의하루,3249600,37.471137,126.8991644,4684.885783209558
또와봐순대,서울 관악구 원신길 13 또와봐순대,180000,37.5117833,126.9192576,4704.943479621471
뚱띵이곱창,서울 관악구 인헌6길 29 뚱띵이곱창,440000,37.4737969,126.9651183,1291.2905415527227
뚱띵이왕갈비,서울 관악구 신림로 216 뚱띵이왕갈비,45600,37.4767251,126.9375808,1239.7787911194428
라온,서울 관악구 관악로14길 28 라온,311500,37.4789362,126.9539852,236.51238746205513
라티놀,서울 관악구 관악로 154-5 라티놀,196500,37.4789263,126.9528142,146.7206964451078
라페리체,서울 관악구 관악로14길 34 라페리체,139000,37.4788431,126.9543277,261.0510140621357
란,서울 관악구 쑥고개로 123 란,94000,37.4790123,126.95032,147.35765188254155
런던부페,서울 관악구 신림동 1484-1 런던부페,420000,37.4820865,126.9290908,2028.688122457846
려,서울 관악구 남부순환로 1811 려,176000,37.4817054,126.9514243,401.6662701929371
리몽,강원 강릉시 운정길 63 리몽,529000,37.7865935,128.8851277,173691.45763558667
마노아숯불구이,서울 관악구 봉천로 446-1 마노아숯불구이,83000,37.4822045,126.9494906,491.0244707918013
마늘오리,서울 관악구 신림로66길 10 마늘오리,48000,37.4852684,126.9302436,2040.1899641782604
마당쇠,서울 관악구 남부순환로 1444 마당쇠,164000,37.4808962,126.9112598,3566.598533281393
마야,서울 관악구 신림로 312 마야,51000,37.4821435,126.9301389,1940.011144215631
마을부엌어울림,서울 관악구 중앙2길 16 마을부엌어울림,108000,37.4844745,126.9539817,741.8845549008319
마켓동광,서울 서초구 명달로8길 10 마켓동광,184000,37.4815914,127.0057085,4797.073006497901
마포소금구이,서울 관악구 낙성대로 32 마포소금구이,246000,37.4756279,126.9587652,695.348772524725
마포숯불갈비,서울 관악구 난곡로72길 4 마포숯불갈비,43000,37.5207636,127.0327433,8593.519842740403
만다린,서울 관악구 은천로 32 만다린,38000,37.4794085,126.9535822,233.1314097856447
만두와김밥,서울 관악구 양녕로 27-1 만두와김밥,40500,37.4845147,126.9465467,838.2212498885772
만리성,서울 관악구 난곡로57길 47 만리성,14000,37.479161,126.9122779,3465.1951996476023
만리장성,서울 관악구 관악로 146 만리장성,1947000,37.4782292,126.9524798,85.67180115520529
만양순대국소머리국밥,서울 관악구 은천로 132 만양순대국소머리국밥,143000,37.4863575,126.9499602,929.1635982068522
맘스터치,서울 관악구 양녕로 43 맘스터치,145600,37.4859263,126.9468062,965.2914122430143
맘씨커피,서울 관악구 관악로 146 맘씨커피,18500,37.47822379999999,126.9525461,91.34048097274461
맛고을칼국수＆찰보리밥,서울 관악구 원신길 134 맛고을칼국수＆찰보리밥,193000,37.4899341,126.9183806,3207.1268770419633
맛있는밥집,서울 관악구 신림로48길 6 맛있는밥집,24000,37.4788898,126.9324329,1686.9667615869428
먹골,서울 관악구 청룡길 9 먹골,450000,37.4813817,126.9464392,578.7627102749212
먹쉬돈나,서울 관악구 남부순환로220길 49 먹쉬돈나,243000,37.4789856,126.9518829,104.07710419444912
먹쉬돈나 서울대역점,서울 관악구 남부순환로220길 49 먹쉬돈나 서울대역점,40000,37.4789856,126.9518829,104.07710419444912
메밀꽃밭언덕너머,서울 관악구 관악로 138 메밀꽃밭언덕너머,445500,37.4774917,126.9527019,123.64962477504143
멕시카나,서울 관악구 난곡로 184 멕시카나,84000,37.4715842,126.9199486,2878.912015824438
명가진곰탕,서울 관악구 미성길 15 명가진곰탕,68000,37.474296,126.9159718,3165.604556239311
명가쭈꾸미코다리,서울 관악구 문성로 233 명가쭈꾸미코다리,32000,37.4791462,126.9295914,1938.9150279724345
명성웃음꼬치활짝,서울 동작구 신대방2길 2-7 명성웃음꼬치활짝,49000,37.4877604,126.9129436,3569.8825536740605
명인아구찜,서울 관악구 신림로26길 24-12 명인아구찜,298000,37.4723881,126.9346497,1618.6255694729073
명태어장,서울 관악구 남부순환로 1852 명태어장,889000,37.4798571,126.9555667,407.05631965845924
명품청기와감자탕,서울 관악구 난곡로 240 명품청기와감자탕,122000,37.4756722,126.9166936,3085.3584544782148
명품횡성한우가,서울 관악구 봉천로 266 명품횡성한우가,3230000,37.4878658,126.9305152,2148.733754634496
모리,서울 관악구 낙성대역길 111 모리,160000,37.4740612,126.9648388,1257.6313012585338
모리돈부리,서울 관악구 관악로12길 모리돈부리,40000,37.4780533,126.9527314,106.64053452253546
모비딕커피,서울 관악구 관악로 144 모비딕커피,76000,37.477774,126.952434,87.83158884805498
모이세,서울 관악구 청룡1길 7 모이세,171000,37.4812849,126.9465954,561.2786633491822
모힝,서울 관악구 남부순환로226길 36 모힝,52000,37.4790279,126.9535036,203.22024732797956
목포낙지홍어,서울 동작구 사당로30길 161 목포낙지홍어,342000,37.4775457,126.9806662,2572.3231939461966
목포부부아구찜,서울 관악구 남부순환로206길 5 목포부부아구찜,747000,37.481949,126.9419605,946.5174259027582
목포산낙지철판해물,서울 관악구 조원로 125-1 목포산낙지철판해물,219000,37.48534,126.9162567,3214.5502544155966
목포수산,서울특별시 관악구 관천로 39 목포수산,218000,37.4828497,126.9267824,2246.331067110969
목포아구찜,서울 관악구 봉천로53길 22 목포아구찜,98000,37.4827987,126.9544053,581.649411347866
목포홍탁,서울 관악구 당곡길 14 목포홍탁,80000,37.4897661,126.9291142,2365.2499854906655
무교동갯벌낚지,서울 관악구 봉천로25길 5 무교동갯벌낚지,80000,37.4854256,126.9380971,1438.155977340202
무교동본낙지,서울 동작구 보라매로5길 15 무교동본낙지,159000,37.4921385,126.9242551,2868.4429896404954
무지개분식,서울 관악구 청룡3길 21 무지개분식,27000,37.4807665,126.9474665,465.296959389466
무한고기마을,서울 관악구 봉천로 304 무한고기마을,369200,37.4862229,126.9344668,1755.6573078487097
미가정맑은곰탕,서울 관악구 은천로 24 미가정맑은곰탕,83000,37.4859897,126.9378849,1489.7000781464642
미가할매집,서울 관악구 신림로 374 미가할매집,1177000,37.4876683,126.9289972,2254.8534927938754
미각 아구동태해물찜탕,서울 강서구 화곡로 216 미각 아구동태해물찜탕,119000,37.621198,126.9254868,16077.165160448012
미소야,서울 관악구 양녕로 46 미소야,28000,37.48610350000001,126.9472808,966.1174939601617
미소옻닭,서울 관악구 원신길 161-1 미소옻닭,84000,37.4983404,126.9173558,3762.5410515626895
미스터시래기,서울 서초구 남부순환로 2385 미스터시래기,180500,37.4801513,127.0114472,5292.667935324671
미운오리깡통집,서울 관악구 신원로 40-10 미운오리깡통집,107000,37.481672,126.9293191,1999.3618238822708
미추원주추어탕,서울 관악구 관악로 108 미추원주추어탕,821000,37.4747908,126.9531579,394.5855839639236
밀향기칼국수,서울 관악구 봉천로 593 밀향기칼국수,30000,37.4765046,126.9633773,1060.8060076069735
밋앤미트,서울 관악구 남부순환로 1888 밋앤미트,182000,37.4785051,126.9589921,660.5882372240444
바다양푼이동태탕,서울 관악구 난우길 28 바다양푼이동태탕,149000,37.4754514,126.9182017,2955.1525207364693
바다잔치,서울 관악구 청룡2길 18 바다잔치,68000,37.48140240000001,126.9450176,681.8798146499423
바달비,서울 관악구 봉천로12길 17 바달비,563000,37.4879728,126.9294904,2233.0424485795265
바로수제햄부대찌개,서울 관악구 봉천로 378 바로수제햄부대찌개,93000,37.4830635,126.9417526,1024.1022971380396
바르미스시뷔페,서울 서초구 방배천로 11 바르미스시뷔페,237400,37.4777432,126.9822899,2715.157653319882
바우네나주곰탕,서울 관악구 봉천로 309 바우네나주곰탕,159000,37.4865218,126.9351354,1723.1959834394477
바우네족발,서울 관악구 원신길 131 바우네족발,380000,37.5062485,126.9139521,4559.495385186744
바지락손칼국수,서울 관악구 남부순환로 1739 바지락손칼국수,20000,37.4684905,126.9359764,1738.6368910558
박가네능이백숙삼계탕,서울 금천구 남부순환로 1372 박가네능이백숙삼계탕,208000,37.4795556,126.903364,4252.841191659163
박승자당진아구동태찜탕,서울 관악구 난우길 20 박승자당진아구동태찜탕,100000,37.4873488,126.9270324,2393.588919442
배가네동태탕찜,서울 관악구 관악로15길 6 배가네동태탕찜,102000,37.4803621,126.9520513,256.45788295744075
배바우,서울 관악구 신림로56길 7 배바우,100000,37.4813292,126.930562,1884.36382939232
백상갈비,서울 관악구 낙성대로 백상갈비,100000,37.4769665,126.9587711,651.6831078016897
백채,서울 관악구 청룡1길 25 백채,184000,37.481195,126.9477273,480.76980024894164
버드나무,서울 관악구 낙성대로 15 버드나무,111500,37.47711280000001,126.9593789,701.6777063798683
베리베리,서울 관악구 관악로 148 베리베리,116000,37.4784177,126.9525726,99.28540717886806
베어문,서울 관악구 호암로22길 29 베어문,13000,37.4689172,126.934316,1829.5685512115003
별난왕족발보쌈,서울 관악구 봉천로 356 별난왕족발보쌈,328000,37.4839026,126.9393629,1252.4735694744559
별미집,서울 관악구 봉천로 604 별미집,56000,37.4758907,126.964064,1133.3783098560568
병천순대,서울 관악구 난우길 41 병천순대,108000,37.4761947,126.9171768,3038.2826988985935
병천순대국,서울 관악구 호암로22길 80 병천순대국,21000,37.4684044,126.9371288,1665.7347837741538
보글보글지글지글,서울 관악구 난우길 47 보글보글지글지글,30000,37.4768012,126.916882,3060.3138041166485
보배곱창,서울 관악구 난곡로26길 10 보배곱창,283000,37.470491,126.920412,2872.765563097843
보현푸드,서울 관악구 남부순환로 1802 보현푸드,399200,37.481105,126.950276,352.45445592791117
복돈이생고기,서울 관악구 남부순환로 1626 복돈이생고기,57000,37.4841477,126.9311698,1918.040607033003
본가숯불갈비,서울 관악구 난곡로65길 3 본가숯불갈비,60000,37.4822687,126.9140408,3339.9488279020748
본가짜장,서울 관악구 난곡로 50 본가짜장,52000,37.4604317,126.9201169,3397.043686828804
본전순대국,서울 관악구 봉천로 399 본전순대국,65000,37.4831125,126.9444964,834.2317080895555
본죽,서울 관악구 관악로 144 본죽,288000,37.4779144,126.9526078,97.7005709583973
본죽,서울 관악구 관악로 144  본죽,256000,37.4779144,126.9526078,97.7005709583973
본죽,서울 관악구 남부순환로 1631-1 본죽,20000,37.4847761,126.9320084,1875.494511738891
본죽,서울 관악구 남부순환로 1741 본죽,51000,37.4820567,126.9297659,1969.8604736697234
봉떡,서울 관악구 은천로 86 봉떡,11500,37.486825,126.9456578,1100.2131843608072
봉이구이대장,서울 관악구 난곡로 104 봉이구이대장,332000,37.4653113,126.919952,3127.8500688590448
봉천곱창,서울 관악구 봉천로 481 봉천곱창,48800,37.4820447,126.9537521,481.2879364348472
봉천동진순자김밥,서울 관악구 청룡1길 19 봉천동진순자김밥,323000,37.4811988,126.9475314,493.26741849098204
봉천함흥냉면,서울 관악구 은천로2길 35 봉천함흥냉면,65000,37.4855626,126.938791,1397.1491154247292
부림식당,서울 관악구 청룡1길 7 부림식당,52000,37.4812669,126.9465861,560.6531388235002
부산복집,서울 서초구 반포대로20길 10 부산복집,724000,37.487545,127.0104964,5308.623264109164
북경반점,서울 관악구 남부순환로 1620 북경반점,763000,37.4829798,126.9374843,1352.749378727824
북촌손만두,서울 관악구 관악로 174 북촌손만두,76000,37.4806387,126.9529622,310.1146920687196
분짜하노이,서울 관악구 관악로 154 분짜하노이,83450,37.4788977,126.9526427,133.1598517630449
불광옥,서울 관악구 봉천로 485 불광옥,126000,37.48200920000001,126.9538804,482.45763859956617
브라더,서울 관악구 신림로59길 브라더,100000,37.4832519,126.9287583,2089.1106161528046
블리스,서울 관악구 관악로12길 11 블리스,77300,37.4781838,126.9530122,131.70202540321506
비알코리아,서울 관악구 관악로 161 비알코리아,15440,37.4795693,126.9521709,173.69420655324026
빅히트물류,경기도 성남시 분당구 대왕판교로 660 빅히트물류,39700,37.368041,127.1013246,18020.750221949525
빕스,서울 관악구 남부순환로 1712 빕스,63400,37.5121805,126.9257502,4419.9919593963405
삐에스몽테과자점,서울 관악구 신림로 삐에스몽테과자점,26200,37.4703349,126.9389943,1402.4913410313666
사랑방,서울 관악구 원신길 13 사랑방,951000,37.5117833,126.9192576,4704.943479621471
사사꼬,서울 관악구 남부순환로 1842 사사꼬,467500,37.4802508,126.9545414,358.3444884010197
사시사철흑염소오리,서울 관악구 봉천로 535 사시사철흑염소오리,1048000,37.4788556,126.957453,529.9988254353891
사케사케,경기 광명시 소하로76번길 21 사케사케,78000,37.4525959,126.8819037,6767.135072573139
산야로,서울 관악구 관악로 111 산야로,1916000,37.475,126.9525,354.65431588549177
산책,경기 안양시 만안구 삼막로 66 산책,50000,37.42494629999999,126.9136898,6788.1851207349055
삼곱식당서울대역점,서울 관악구 관악로16길 38 삼곱식당서울대역점,306800,37.479681,126.9547122,332.0973689984756
삼다돈가(봉천점),서울 관악구 관악로 246 삼다돈가(봉천점),142000,37.4860961,126.9569794,1011.6594694102408
삼미옥,서울 관악구 남부순환로 1829-6 삼미옥,836000,37.4813076,126.9537171,406.3740388226069
삼미칼국수,서울 관악구 미성3길 12 삼미칼국수,18000,37.4739227,126.9165357,3122.1988216061904
삼백돈,서울 관악구 남부순환로230길 48 삼백돈,268000,37.47796,126.9552297,327.3411616695072
상도늘보리,서울 관악구 봉천로 379 상도늘보리,36000,37.4834716,126.9422398,1014.2510406809682
상도스시,서울 관악구 봉천로 299 상도스시,322000,37.4868737,126.934297,1806.5704439752199
새마을식당,서울 관악구 관악로16길 13 새마을식당,269000,37.4773606,126.9594955,708.1428211155398
생각보다맛있는집,서울 관악구 관악로 152 생각보다맛있는집,1134000,37.4836721,126.9542756,666.0862770510406
생각보다맛있는집,서울 금천구 가산로 33 생각보다맛있는집,24000,37.4711918,126.8991936,4681.3398269481595
서가앤쿡,서울 관악구 신림로 350 서가앤쿡,66400,37.4854721,126.9299512,2072.819047770402
서도면옥,서울 관악구 봉천로 377 서도면옥,152000,37.4835543,126.9419232,1042.2765205702183
서연,서울 관악구 보라매로3길 17 서연,227000,37.491341,126.926175,2678.138420285524
서울 금천구 가산로 33,서울 금천구 범안로 서울 금천구 가산로 33,204000,37.4661696,126.8943207,5219.413743565476
서울김밥,서울 관악구 신림로 328 서울김밥,84500,37.4834152,126.9299715,1991.7054778462332
서울닭튀김,서울 관악구 남부순환로 1727-8 서울닭튀김,25800,37.4827049,126.9423558,957.7876502705641
서울대곱창,서울 관악구 관악로 168 서울대곱창,312500,37.4801549,126.9529757,262.53553438964343
서울대학교생활협동조합,서울 관악구 관악로 1 서울대학교생활협동조합,2988000,37.4602626,126.9535979,1991.193712788464
서울미트볼,서울 관악구 봉천로 600 서울미트볼,34200,37.4760809,126.9636634,1094.3677393751786
서울삼족탕,서울 관악구 남부순환로 1976 서울삼족탕,467000,37.4751083,126.9680431,1495.0496932960796
서지초가뜰주식회사,강원 강릉시 난곡길76번길 43-8 서지초가뜰주식회사,45000,37.7913938,128.880959,173432.65875582915
선우정,서울 관악구 봉천로12길 60 선우정,672900,37.48608000000001,126.9299278,2102.3547092190706
설악한우직판장,강원 강릉시 회산로 297 설악한우직판장,1076200,37.7361254,128.8627002,170780.192871749
성암축산정육식당,서울 관악구 관천로 45 성암축산정육식당,390000,37.48329409999999,126.9262269,2305.885943036616
세계로마트,서울 관악구 남부순환로 1861 세계로마트,21500,37.4811908,126.9278154,2120.221404607084
세인트존스호텔,강원 강릉시 창해로 307 세인트존스호텔,257400,37.7911114,128.9210687,176887.99863362554
세컨드페이지,서울 관악구 관악로13길 20 세컨드페이지,114800,37.4794767,126.9510721,158.83649200654492
소곱소곱,서울 관악구 봉천로12길 42 소곱소곱,154000,37.4871692,126.9296093,2181.1712182911756
소담밥상,서울 관악구 양녕로 40-1 소담밥상,47000,37.4855895,126.947037,922.7228199306815
소담촌,서울 동작구 동작대로 43 소담촌,105400,37.4803752,126.9813677,2645.6414725571976
소문난생오리돌구이,서울 관악구 신림로32길 7 소문난생오리돌구이,53000,37.4749615,126.934949,1503.5586777075816
소문난순대국,서울 관악구 신림로38길 5-9 소문난순대국,52000,37.4770273,126.9379191,1206.388983529525
소문난참숯불꼼장어,서울 관악구 봉천로 483 소문난참숯불꼼장어,135000,37.4820389,126.9537793,481.68599792678395
소풍가는날,서울 관악구 봉천로 605 소풍가는날,165000,37.4760503,126.9645943,1175.5507343435195
소해,서울 관악구 관악로14길 8 소해,113000,37.4790747,126.9529942,169.47727834871858
소확행,서울 관악구 관악로12길 38 소확행,57400,37.4778018,126.954441,259.44744690498874
손칼국수만두찐빵,서울 관악구 남부순환로157길 63 손칼국수만두찐빵,10000,37.4846028,126.917026,3128.924605729296
솜씨,서울 용산구 이촌로65가길 78 솜씨,110000,37.5207447,126.975216,5182.671430866134
송가네감자탕,서울 관악구 서림길 32 송가네감자탕,104000,37.4746033,126.938002,1254.7907490649734
송백목감자탕,서울 동작구 노량진로 26 송백목감자탕,29000,37.5129294,126.9289203,4356.699589777432
송원마포갈비,서울 영등포구 도림로147길 2-1 송원마포갈비,160000,37.51664359999999,126.889236,6969.21168501084
숙이네생선구이,서울 관악구 청룡1길 19 숙이네생선구이,68000,37.4812114,126.9474471,499.57872951522455
숙이네조개전골,서울 관악구 관악로16길 41 숙이네조개전골,58000,37.4798126,126.9549218,355.55038732308344
숨은집,서울 관악구 남부순환로 1713-5 숨은집,1007000,37.4833525,126.9407128,1118.9146887525037
스타벅스,서울 관악구 남부순환로 1812 스타벅스,57900,37.4811125,126.9513217,336.1167225695988
스타벅스,서울 중구 소공로 112 스타벅스,20900,37.5644064,126.9796971,9913.914722444431
시골집,서울 관악구 낙성대로 22-7 시골집,5345000,37.47683079999999,126.9584614,628.0886076424579
시골집,서울 관악구 낙성대로 22-7  시골집,121000,37.47683079999999,126.9584614,628.0886076424579
시골집,서울 관악구 낙성대로 22-8 시골집,3292000,37.47683079999999,126.9584614,628.0886076424579
시골집,서울 관악구 낙성대로 22-8  시골집,381000,37.47683079999999,126.9584614,628.0886076424579
시골집영양탕삼계탕,서울 관악구 봉천로 308-2 시골집영양탕삼계탕,242000,37.4860873,126.9346225,1736.1275380584327
신림점비비큐,서울 관악구 신림로 122 신림점비비큐,29500,37.47130840000001,126.9358259,1577.4622639712225
신림제주흑돼지,서울 관악구 남부순환로 1649 신림제주흑돼지,200000,37.4846397,126.9278882,2208.9566516140058
신바람과일,서울 관악구 인헌길 14 신바람과일,2730000,37.4749903,126.9666044,1374.7877802411742
신부산횟집,서울 관악구 봉천로 484 신부산횟집,614000,37.4815493,126.9532068,411.90886120611617
신사식당,서울 관악구 조원로 132 신사식당,43000,37.4852154,126.9169109,3155.1972131008697
신선설농탕,서울 관악구 관악로 163 신선설농탕,48000,37.4798394,126.9520666,199.89872686757437
신세계페이먼츠,서울 중구 남대문시장10길 2 신세계페이먼츠,728790,37.5603331,126.9829626,9555.694238954042
신안바다장어,서울 관악구 봉천로 385 신안바다장어,408000,37.483344,126.9427821,967.3801180182259
신안산낙지철판,서울 관악구 봉천로 295 신안산낙지철판,85000,37.4871108,126.9338142,1856.6608086394426
심가면옥,서울 관악구 신림로 121 심가면옥,116500,37.4706847,126.9358097,1613.0195753293453
심통난초밥,서울 관악구 남부순환로 1827 심통난초밥,120000,37.4813457,126.9533492,395.82134963945265
싱싱회수산시장,서울 관악구 은천로 72-1 싱싱회수산시장,39000,37.486248,126.9433834,1156.73994803664
쌈마을,서울 관악구 남부순환로226길 31 쌈마을,4350000,37.4762397,126.9583907,640.0648377327882
아띠,서울 관악구 쑥고개로 137 아띠,69080,37.4788394,126.9517714,85.71168186297346
아리차이,서울 관악구 신림동길 4 아리차이,1605000,37.4876269,126.9282266,2312.902784986944
아웃백,서울 관악구 남부순환로 1840 아웃백,193900,37.48036200000001,126.954315,352.4980675374953
안성갈비,서울 관악구 난곡로 181 안성갈비,50000,37.4712695,126.9195201,2924.4166192984035
안씨네쭈꾸미,서울 관악구 남부순환로224길 31 안씨네쭈꾸미,165000,37.5563353,127.0796208,14259.346548453323
안집,서울 관악구 관악로 128 안집,705000,37.4766542,126.9527487,193.16096797543028
알곡찬&김밥,서울 관악구 미성3길 29 알곡찬&김밥,64000,37.4892779,126.9229935,2807.837973661364
압구정화룡짬뽕,서울 관악구 난우길 26-1 압구정화룡짬뽕,19500,37.475281,126.9183522,2943.894048506855
애슐리서울대입구점,서울 관악구 남부순환로 1820 애슐리서울대입구점,99800,37.4808479,126.9523143,314.06054341216475
양계장집아들,서울 관악구 쑥고개로 82 양계장집아들,83600,37.479178,126.9455554,540.299254616105
양은이동태탕동태찜코다리,서울 관악구 은천로 28 양은이동태탕동태찜코다리,32000,37.4859213,126.9380772,1471.51491214357
양지가정식,서울 관악구 남부순환로145길 6 양지가정식,100000,37.48185369999999,126.9124153,3476.2069979479134
양평서울해장국,서울 관악구 남부순환로 1465 양평서울해장국,90000,37.4818968,126.9134763,3383.876503536037
양평해장국,서울 관악구 봉천로 229 양평해장국,184000,37.4898766,126.92731,2506.2639634159077
양평해장국,서울 관악구 봉천로 380 양평해장국,88000,37.4898766,126.92731,2506.2639634159077
어도원,전북 군산시 상지곡3길 49 어도원,172000,35.9578641,126.7101222,170405.76843490262
어메칼국수,서울 관악구 관악로 154-6 어메칼국수,768500,37.47880200000001,126.9528193,138.7890184513996
어물전,서울 금천구 시흥대로152길 11-43 어물전,159000,37.4784551,126.9005501,4498.251130928222
어부사시가,서울 관악구 관악로14길 31 어부사시가,143000,37.4789367,126.9544847,277.55505932843545
어사출또,서울 관악구 봉천로49길 3 어사출또,143000,37.4825646,126.9516881,497.3195772806872
어시장,서울 관악구 봉천로25길 13 어시장,131000,37.4858379,126.9378464,1482.580067594558
어울더울생고기,경기 과천시 제비울길 43 어울더울생고기,731000,37.409469,126.993118,8468.325791003892
어회가,서울 관악구 신림동5길 48 어회가,229000,37.4850808,126.927514,2256.56536897888
얼큰수제비해물칼국수,서울 관악구 관악로 113 얼큰수제비해물칼국수,614500,37.4755233,126.9525324,299.37969849757735
엉뚱한생고기,서울 관악구 쑥고개로 65 엉뚱한생고기,117000,37.4796281,126.9428938,780.4171530859411
에스엠씨,서울 관악구 관천로 34 에스엠씨,105000,37.483015,126.9277803,2165.41968340894
엔조파스타&피자,서울 관악구 관악로 154 엔조파스타&피자,145800,37.4788977,126.9526427,133.1598517630449
여의도수제비,서울 관악구 미성3길 11 여의도수제비,180000,37.47401,126.9167188,3104.784863345129
연소바,서울 관악구 남부순환로 1802 연소바,58000,37.481105,126.950276,352.45445592791117
연이네닭도리탕,서울 관악구 남부순환로 1726 연이네닭도리탕,29000,37.5065462,127.0250496,7217.257845804791
영광수산장어1번가,경기 안양시 만안구 삼막로24번길 89 영광수산장어1번가,175000,37.42451459999999,126.9136779,6830.535508349978
영덕물회막회,서울 관악구 관악로16길 35 영덕물회막회,711000,37.4762397,126.9583907,640.0648377327882
영암팥칼국수,서울 관악구 청룡2길 29 영암팥칼국수,16000,37.4812273,126.9444842,712.2331870766274
옛골맛족발,서울 관악구 신림동길 8 옛골맛족발,65000,37.4874706,126.9277663,2341.2862765113127
옛골보리밥쭈꾸미,서울 관악구 신림로29길 3-30 옛골보리밥쭈꾸미,49000,37.4742525,126.93347,1649.4474747875822
옛날농장,서울 관악구 봉천로 262 옛날농장,215000,37.4880435,126.9301431,2187.0495227959896
옛날육개장,서울 관악구 관악로 154-6 옛날육개장,2664000,37.4788077,126.9528332,140.15879171718657
옛날집,서울 관악구 남부순환로185길 14 옛날집,196000,37.4853332,126.9324306,1867.1989019741575
옛날집,서울 관악구 봉천로 457-1 옛날집,179000,37.4825724,126.950919,500.8294493859787
옛터,서울 서초구 사평대로57길 63-4 옛터,273000,37.5069595,127.0219947,6996.959019188493
오뚜기식당,서울 관악구 승방1길 2 오뚜기식당,24000,37.4736361,126.9811415,2660.2024539398385
오리오리,서울 관악구 관악로12길 3-6 오리오리,2076000,37.4783647,126.9527904,115.7334347982723
오븐마루,서울특별시 관악구 중앙길 133 오븐마루,32900,37.4862647,126.9478756,963.8907260547958
오븐에빠진닭,서울 관악구 관악로 153 오븐에빠진닭,150700,37.478985,126.9520241,108.45863493302349
오삼,서울 관악구 신림동5길 31 오삼,169000,37.4858519,126.9276244,2278.4725679270095
오성손만두,서울 관악구 난곡로 233 오성손만두,80000,37.4751142,126.9165638,3102.7917539782748
오장면옥,서울 관악구 봉천로 227 오장면옥,81000,37.4899963,126.9270812,2530.4307583035916
오페라빈,서울 관악구 낙성대로 29 오페라빈,11500,37.4758182,126.9592758,729.3590331796997
옥돌집,서울 관악구 관악로 208 옥돌집,45000,37.4833333,126.9547222,647.3377491881014
옥천골,서울 관악구 청룡7길 41 옥천골,6801000,37.479686,126.9483704,329.8129708121184
옥천민물매운탕,서울 관악구 봉천로62길 10 옥천민물매운탕,150000,37.4773866,126.9587266,640.4299890420112
온돌,서울 관악구 봉천로 534 온돌,321000,37.4786512,126.956964,484.021269409917
올림반찬,서울 관악구 신림로58길 21 올림반찬,333000,37.4824714,126.9310229,1873.3617797701502
옷살,서울 관악구 관악로 164 옷살,45200,37.4795649,126.9528901,203.18098778065783
와사비,서울 관악구 남부순환로216길 13 와사비,530000,37.4808405,126.9491095,372.3726863619894
완산정,서울 관악구 봉천로 484 완산정,235500,37.4816345,126.9535927,433.9481610181186
왕세숫대야냉면,서울 관악구 쑥고개로 122 왕세숫대야냉면,45000,37.478827,126.9500188,155.83659673012068
왕십리곱창,서울 관악구 신림동 왕십리곱창,300000,37.4899341,126.9183806,3207.1268770419633
외래향,서울 관악구 남부순환로 1801 외래향,416000,37.4818013,126.9503522,425.00367396846127
용국이네숯불갈비,서울 관악구 은천로 41 용국이네숯불갈비,81000,37.4862779,126.9400779,1359.4776185112005
용궁,서울 관악구 양지길 10 용궁,208500,37.4873488,126.9270324,2393.588919442
우리가참김치,서울 관악구 관악로 148 우리가참김치,744000,37.4784177,126.9525726,99.28540717886806
우리동네고기집,서울 관악구 인헌6길 24 우리동네고기집,7319900,37.4740784,126.9654694,1309.1176699367913
우리설렁탕,서울 관악구 신림로 190 우리설렁탕,45000,37.4743661,126.9364618,1392.303597036983
우리식당,서울 금천구 범안로21길 8 우리식당,83000,37.4669622,126.8968136,4984.305204794567
우리집한식부페,서울 관악구 신림로 270 우리집한식부페,320000,37.4789558,126.9321539,1711.947344786842
우리참순대,서울 관악구 관악로 148 우리참순대,326000,37.4784177,126.9525726,99.28540717886806
우리축산정육점식당,서울 관악구 신림로65길 26 우리축산정육점식당,252000,37.4850484,126.9280418,2211.6363817482747
우림식당,서울 관악구 난곡로24길 7 우림식당,110000,37.4702368,126.920401,2882.1399293819754
우성각,서울 관악구 청림2길 2 우성각,790000,37.4878929,126.9582546,1240.9305888472372
우아한형제들,서울 마포구 마포대로 217 우아한형제들,16800,37.5168692,127.1127944,14866.240294605177
우장군곱창,서울 관악구 봉천로 487 우장군곱창,50000,37.4819153,126.9542627,488.8251814128129
우정회관,경기 안양시 만안구 예술공원로208번길 84 우정회관,79000,37.417941,126.933145,6882.6845035263905
우쥬커피,서울 관악구 관악로12길 5 우쥬커피,137900,37.4782112,126.9527541,109.32696709063734
울엄마밥상,서울 관악구 인헌4길 11 울엄마밥상,50000,37.474535,126.9661663,1351.3545108082162
원조정가네매운갈비찜,서울 관악구 남부순환로216길 8 원조정가네매운갈비찜,28000,37.4811071,126.9488841,408.06577082901555
원주추어탕,서울 영등포구 대림로22길 1 원주추어탕,63000,37.4935172,126.9013407,4748.381027383544
원할머니보쌈,서울 관악구 남부순환로 1855 원할머니보쌈,470000,37.4801839,126.9562519,477.5535199223414
위메프,경기 성남시 분당구 대왕판교로 위메프,149600,37.5096251,127.0633537,10470.553196395676
위메프,서울 구로구 디지털로33길 28 위메프,46200,37.4869767,126.8952883,5059.451867387171
유가네닭갈비,서울 관악구 남부순환로226길 9 유가네닭갈비,127500,37.4801936,126.9540821,324.74672000411016
유명한회집,서울 관악구 신림로 371 유명한회집,44000,37.48726449999999,126.928768,2252.02262979197
유진참치 서울대점,서울 관악구 관악로15길 6 유진참치 서울대점,92000,37.4803815,126.9520603,258.7236466776931
유창숯불갈비,서울 관악구 은천로23길 14 유창숯불갈비,500000,37.4872137,126.9482049,1055.5101373727668
유천칡냉면,서울 관악구 쑥고개로 104 유천칡냉면,338000,37.4787975,126.9481567,307.26328757314764
윤씨네집,서울 관악구 신림로67길 4 윤씨네집,78000,37.4862548,126.928928,2190.615039493167
은성숯불갈비,서울 관악구 남부순환로 1711 은성숯불갈비,1867100,37.4831934,126.9405635,1121.118051528345
은천식당,서울 관악구 봉천로 309 은천식당,300000,37.4865218,126.9351354,1723.1959834394477
이가네감자탕,서울 관악구 대학길 52 이가네감자탕,622000,37.4681138,126.9386862,1585.8910920966048
이가네바지락칼국수,서울 관악구 신림로 153 이가네바지락칼국수,72000,37.4725599,126.9329444,1751.2535594886506
이금옥샤브샤브칼국수,서울 관악구 관악로 132 이금옥샤브샤브칼국수,1158000,37.4769682,126.9527058,162.93096867407343
이대감명품막창,서울 관악구 장군봉1길 46 이대감명품막창,147000,37.4815551,126.9425814,877.9508231674805
이마트24 봉천태양점,서울 관악구 양녕로6길 38 이마트24 봉천태양점,20000,37.4843937,126.948802,740.5294866326572
이모네전칼국수,서울 관악구 관천로 27-1 이모네전칼국수,12000,37.4821866,126.9276406,2156.0553926046155
이태리부대찌개,서울 관악구 보라매로3길 17 이태리부대찌개,43000,37.4912612,126.9261675,2673.8229649728146
인생극장,서울 관악구 신림로 280 인생극장,29000,37.4795734,126.9314034,1783.0861966865757
일구칠구매운탕,서울 관악구 신림로26길 5 일구칠구매운탕,487000,37.4730784,126.9339627,1647.0111877905542
일로까페,서울 관악구 관악로 125 일로까페,24000,37.4765208,126.9522819,187.28099207684738
일송정,서울 광진구 아차산로49길 21 일송정,225000,37.537846,127.0842377,13460.426819684337
일커피,서울 관악구 쑥고개로 123 일커피,170000,37.4789958,126.9502284,152.07179016103507
자바인,서울 관악구 신림로23길 16 자바인,79000,37.4721822,126.9338443,1693.0013708968856
자연별곡,서울 관악구 관악로 195 자연별곡,862400,37.4823872,126.9530682,496.44862974947023
자연생고기,서울 관악구 난곡로66길 23 자연생고기,134000,37.4827677,126.9156833,3205.0018694972596
작은따옴표,서울 관악구 신원로 5-1 작은따옴표,930000,37.4798463,126.9278063,2101.9437020752853
장가네멸치쌈밥,서울 관악구 청룡1길 25 장가네멸치쌈밥,52000,37.481195,126.9477273,480.76980024894164
장군집,서울 관악구 청룡2길 19 장군집,263000,37.4813397,126.9455246,640.7103186309056
장보고마트,서울특별시 관악구 남부순환로230길 41 장보고마트,5304960,37.4781747,126.9555413,354.6114143925081
장수생삼겹살,서울 관악구 신림로73길 5 장수생삼겹살,290000,37.4888697,126.9277452,2416.1875092574646
장수집,서울 관악구 봉천로 486 장수집,208000,37.4816868,126.9538063,447.3927472309636
장수촌,서울 관악구 봉천로 382 장수촌,390000,37.4829762,126.942067,995.5305391008925
장수촌풍천장어,서울 관악구 봉천로 258 장수촌풍천장어,86000,37.488209,126.9298047,2222.114237277197
장충동영양족발,서울 관악구 남부순환로 1672 장충동영양족발,64000,37.4797388,126.9313932,1785.7702834331728
장터생고기,서울 관악구 행운1길 15 장터생고기,144000,37.4798492,126.958147,616.1529622829323
장터순대국,서울 관악구 관천로 29 장터순대국,743000,37.48233219999999,126.9276455,2159.1066313970587
쟝블랑제리,서울 관악구 낙성대역길 8 쟝블랑제리,539350,37.4770478,126.961929,925.5137023299856
전남건강원,경기 성남시 중원구 둔촌대로 79 전남건강원,250000,37.4302062,127.1279217,16456.15030487732
전라상회,서울 동작구 노들로 688 전라상회,130000,37.5149689,126.9413848,4196.741092019237
전설의옛날통닭,경기 안양시 만안구 만안로 461 전설의옛날통닭,389000,37.4186006,126.9087463,7617.336839810276
전주민속촌,서울 관악구 봉천로 473-5 전주민속촌,56000,37.4825601,126.9526945,507.2353303268579
전주전집,서울 관악구 남부순환로187길 8 전주전집,52000,37.4796356,126.9806238,2573.5384156826467
전주집,서울 강남구 삼성로100길 13 전주집,20000,37.509796,127.056436,9904.325296649622
전주콩나물국밥,서울 관악구 난곡로 294-1 전주콩나물국밥,200000,37.4802085,126.9150712,3225.2355826980925
전진식당,서울 금천구 금하로29길 13 전진식당,314000,37.4506425,126.9124277,4606.9777499469665
정가,서울 관악구 남부순환로 1710 정가,2617000,37.48272190000001,126.939923,1145.7402851888517
정가네,서울 관악구 남부순환로214길 48 정가네,10000,37.4794893,126.9472805,405.32492048830636
정가네감자탕＆부대찌,서울 관악구 신림로66길 20 정가네감자탕＆부대찌,47000,37.4781583,126.9592038,677.7249586337662
정가네왕갈비탕,서울 관악구 쑥고개로 116 정가네왕갈비탕,99000,37.4787874,126.9494514,198.47934927258487
정담,서울 관악구 청룡3길 21 정담,199000,37.4807665,126.9474665,465.296959389466
정담은보쌈,서울 관악구 남부순환로 1661 정담은보쌈,993500,37.4851023,126.9353354,1627.2039005698866
정수사,서울 관악구 관악로 263 정수사,165000,37.4877086,126.9572734,1183.3558404643968
정육점식당,서울 관악구 관악로14길 27 정육점식당,279000,37.4790377,126.9541027,250.58034835338265
정희네,서울 관악구 쑥고개로 100 정희네,135000,37.4789497,126.9473708,378.6383788367968
제주올레,서울 관악구 남현1길 40 제주올레,48000,37.4756752,126.979687,2499.7353482333706
제주은갈치,서울 관악구 관악로 139 제주은갈치,11714000,37.4776285,126.951919,62.40333858652518
조춘식동갑이네,서울 관악구 봉천로 461 조춘식동갑이네,43000,37.4825168,126.9512523,492.37764016239254
족팔려,서울 관악구 남현3길 75 족팔려,55000,37.475546,126.9806385,2584.7656493058444
종가집,서울 서초구 서초대로48길 108 종가집,210000,37.4881264,127.0124016,5486.266038741539
종가할머니보쌈,서울 관악구 남부순환로 1600-21 종가할머니보쌈,113000,37.483686,126.9291343,2071.1978509240575
종로계림닭도리탕원조,서울 관악구 관악로 152 종로계림닭도리탕원조,70000,37.4786593,126.9525782,112.27155686555292
종로빈대떡,서울 관악구 관악로15길 24 종로빈대떡,316000,37.480345,126.9510193,254.2313194818641
종손집,서울 관악구 난곡로65길 19 종손집,40000,37.4810442,126.9090343,3763.6625827773173
죠아찌쥬스,서울 관악구 신원로5길 33 죠아찌쥬스,42500,37.4824077,126.9270789,2209.731150902981
중국성,서울 관악구 남부순환로 1447 중국성,102000,37.4815247,126.91152,3550.539213862288
쥬스를만드는지금,서울 관악구 중앙2길 16 쥬스를만드는지금,18500,37.4844745,126.9539817,741.8845549008319
즉석빵집,서울 관악구 신림로 312 즉석빵집,13600,37.4821435,126.9301389,1940.011144215631
지리산삼계탕,서울 관악구 신림로 300 지리산삼계탕,100000,37.4812412,126.9301934,1914.489588332741
진갈비,서울 관악구 광신길 237 진갈비,86000,37.4849463,126.9335792,1757.213597860856
진미별미순대국,서울 관악구 원신2길 43 진미별미순대국,24000,37.4899341,126.9183806,3207.1268770419633
진부령황태촌,서울 관악구 관악로 112 진부령황태촌,87000,37.4752332,126.9530545,345.59040963708867
진우리참치,서울 관악구 봉천로 472 진우리참치,863000,37.48185650000001,126.9522114,422.7457016386199
진진식품,서울 관악구 난곡로 168 진진식품,312000,37.47006349999999,126.9201706,2907.3855871895535
짜장마을,서울 관악구 문성로 199 짜장마을,104000,37.4791362,126.9258073,2272.2565057190513
쭉심,서울 관악구 신원로 40-11 쭉심,231500,37.4816394,126.9295999,1974.3589097888912
차이나영,서울 관악구 신림로58길 14 차이나영,147500,37.4797388,126.9313932,1785.7702834331728
참이맛감자탕,서울 관악구 신림로 269 참이맛감자탕,83000,37.4756571,126.9810829,2622.441473953206
청능장,서울 관악구 쑥고개로 112 청능장,1009000,37.4789511,126.9488876,251.40698078322976
청주블루가든,충청북도 청주시 서원구 1순환로 886 청주블루가든,103500,36.6375954,127.4702172,104177.88601189405
청호,서울 관악구 서림길 24 청호,40000,37.4749133,126.9378032,1261.3868913058038
초대,서울 관악구 남부순환로 2082-37 초대,622000,37.476129,126.9801614,2536.507761386534
촌장골,서울 동작구 상도로 142 촌장골,130000,37.5023999,126.9354313,3052.949317484994
최상의우동,서울 관악구 신림로 210-1 최상의우동,60000,37.476192,126.9375182,1253.89248428673
추어탕전문점대령숙수,서울 관악구 봉천로 375 추어탕전문점대령숙수,504000,37.4835566,126.9417831,1052.4969679385804
춘천골숯불닭갈비,서울 관악구 신림동7길 46 춘천골숯불닭갈비,141000,37.4849991,126.9266246,2327.392061348686
취홍,서울 서초구 사임당로 46 취홍,259000,37.4882513,127.0150595,5718.812531963199
치킨더샵,서울 관악구 관악로 144 치킨더샵,27900,37.4779144,126.9526078,97.7005709583973
칠분도스시,서울 관악구 대학5길 23 칠분도스시,32800,37.4693386,126.9390182,1471.656880522218
카레마치,서울 관악구 신림로 330 카레마치,30000,37.5078919,127.0659124,10621.951895172835
카모메,서울 관악구 관악로 144 카모메,681400,37.4779144,126.9526078,97.7005709583973
카페덴,서울 관악구 봉천로 614 카페덴,8400,37.4755315,126.9651283,1233.854392149579
카페드구띠에,서울 관악구 남부순환로 1932 카페드구띠에,7600,37.4767935,126.9635496,1070.990350070233
카페딜,서울 관악구 대학5길 21 카페딜,54300,37.4693295,126.9389053,1479.809337790303
카페모아,서울 관악구 관악로 145 카페모아,452900,37.4830195,126.9411664,1065.4942606653096
카페미뇽,서울 관악구 관악로14길 76 카페미뇽,19100,37.5560201,126.9363655,8767.530566275784
카페베네,서울 관악구 남부순환로 2082-29 카페베네,83300,37.4761081,126.9806659,2581.062385464365
카페산다,서울 관악구 낙성대로 22-11 카페산다,34500,37.4771168,126.9584182,617.9955377533903
카페１번가,서울 종로구 청와대로 1 카페１번가,19900,37.586652,126.9767701,12274.675314158318
칼국수한마당,서울 관악구 관악로14길 16 칼국수한마당,25000,37.479035,126.9533893,195.0410683991702
커피나무,서울 관악구 남부순환로 1844 커피나무,25600,37.4802445,126.9547204,369.77836469895664
커피더알,서울 관악구 호암로24길 6 커피더알,12500,37.4698695,126.9335323,1832.2743670578054
커피볶는정,경기 안양시 만안구 만안구 삼막로96번길 19) 커피볶는정,39000,37.42702209999999,126.91583,6494.462975133067
커피빈,서울 관악구 관악로 161 커피빈,20700,37.4795693,126.9521709,173.69420655324026
커피빈,서울 관악구 신림로 318 커피빈,42000,37.4824096,126.9301269,1948.1145808502795
커피빈,인천 중구 공항로 272 커피빈,15900,37.4482114,126.4501617,44375.01538688803
컴포즈커피,서울 관악구 관악로12길 5 컴포즈커피,147900,37.4782112,126.9527541,109.32696709063734
코코미,서울 관악구 관악로 146 코코미,798000,37.4781971,126.9525941,95.12198911042228
콩심,서울 관악구 관악로 144 콩심,517000,37.4779144,126.9526078,97.7005709583973
콩심,서울 관악구 난곡로 227 콩심,23000,37.4743946,126.9166996,3100.4900399623652
쿠우쿠우,서울 관악구 남부순환로 1810 쿠우쿠우,496000,37.4912924,126.9238707,2847.349041151242
쿠우쿠우,서울 동작구 보라매로5가길 16 쿠우쿠우,167300,37.4912924,126.9238707,2847.349041151242
쿠팡,서울 구로구 디지털로26길 72 쿠팡,982420,37.4808105,126.8963107,4881.445676132926
쿠팡,서울 중구 세종대로 39 쿠팡,3837990,37.5606707,126.9737639,9389.279802485082
큰손숯불갈비,서울 관악구 신림로 132 큰손숯불갈비,329200,37.4715655,126.9349598,1632.071551381902
키다리식품,충북 보은군 마로면 적암길 56-18 키다리식품,31000,36.4476912,127.8690169,140613.2945676864
키친라밥,서울 관악구 남부순환로 1916 키친라밥,38000,37.47730850000001,126.9620568,933.5442890779262
킴스해물로스,서울 관악구 신림로 309 킴스해물로스,200000,37.4819831,126.9296437,1978.5677886566216
탄탄꼬기,서울 관악구 청룡2길 29 탄탄꼬기,166200,37.4813161,126.944574,710.2616252158658
탐나종합어시장,서울 관악구 남부순환로 1481 탐나종합어시장,58000,37.482192,126.9151014,3246.0888680816133
탐앤탐스,서울 관악구 신원로 35 탐앤탐스,58700,37.4822492,126.9288784,2050.977807389634
태능솔밭갈비,서울 동작구 상도로37길 7 태능솔밭갈비,58000,37.5029353,126.9488161,2772.5432307804754
태양수산,서울 관악구 남현1길 19 태양수산,159000,37.4759331,126.978553,2397.2232962040603
태창온누리약국,서울 관악구 쑥고개로 126-1 태창온누리약국,299200,37.4787117,126.9504747,115.28700378425589
태평양출장부페,서울 강서구 양천로 36-4 태평양출장부페,1800000,37.5724644,126.8078759,16449.6169236557
태평양킹참치,서울 관악구 신림로 272 태평양킹참치,266000,37.4841829,126.9273379,2238.986219944623
테라스,서울 강남구 테헤란로103길 8-7 테라스,11800,37.5102141,127.0646878,10603.375577063698
텐동요츠야,서울 관악구 남부순환로234길 18 텐동요츠야,240000,37.4789211,126.954465,275.33513579266
토방집등심생고기,서울 관악구 봉천로 456 토방집등심생고기,181000,37.4785051,126.9589921,660.5882372240444
토토김밥,서울 관악구 남부순환로160길 7 토토김밥,44500,37.4835553,126.9213896,2727.51087127514
통큰대박집,서울 관악구 원신길 11 통큰대박집,2985000,37.4698514,126.9332822,1852.4273243023872
통통갈비집,서울 관악구 신림로65길 통통갈비집,24000,37.4851597,126.9284936,2178.7619000484733
투썸플레이스,서울 관악구 관악로 157 투썸플레이스,40390,37.4793939,126.9519936,150.3651494839011
투썸플레이스,서울특별시 관악구 신림로 127 투썸플레이스,16400,37.4708249,126.9353151,1642.96782397697
트레블앤쿡,서울 관악구 관악로16길 13 트레블앤쿡,67900,37.480378,126.9534373,304.9671264457391
티라노,서울 관악구 남부순환로230길 39 티라노,310000,37.4782967,126.9555862,359.1675822123734
파리바게뜨,서울 관악구 관악로 168 파리바게뜨,249200,37.4802116,126.9531133,274.0665919248293
파리바게뜨,서울 관악구 난곡로 263 파리바게뜨,17250,37.477489,126.9151726,3208.4698986079816
파리바게뜨,서울 관악구 난곡로 316 파리바게뜨,91700,37.4821551,126.9147003,3280.568890485084
파리바게뜨,서울 관악구 난곡로 60 파리바게뜨,24050,37.4606985,126.91939,3432.7787885725775
파리바게뜨,서울 관악구 남부순환로218길 1 파리바게뜨,68800,37.4802116,126.9531133,274.0665919248293
파리바게뜨,서울 관악구 봉천로 475 파리바게뜨,39200,37.4822947,126.9529743,484.31123964559066
파리바게뜨,서울 관악구 봉천로 603 파리바게뜨,24000,37.4802116,126.9531133,274.0665919248293
파리바게뜨,서울 관악구 봉천로23나길 69 파리바게뜨,20700,37.4867939,126.9392533,1451.9500060147893
파리바게뜨,서울 관악구 신림로 199 파리바게뜨,34200,37.4754896,126.9361984,1383.057295052459
파리바게뜨,서울 관악구 양녕로 50 파리바게뜨,31600,37.48637739999999,126.9472248,996.1347976953361
파리바게뜨,서울 관악구 은천로 1 파리바게뜨,79250,37.4865023,126.9353238,1708.081436461411
파리바게뜨,서울 관악구 은천로 92 파리바게뜨,289900,37.4868372,126.945268,1117.9870570959245
파리바게뜨,서울 관악구 호암로 602 파리바게뜨,90350,37.47076790000001,126.9337821,1764.921303944097
파리바게뜨,서울 영등포구 영신로 200 파리바게뜨,26000,37.5255689,126.9029628,6798.431544740241
페리카나,서울 관악구 청룡길 20 페리카나,1359000,37.4809075,126.9460094,578.5045875175412
포몬스,서울 관악구 남부순환로 1801 포몬스,39000,37.4799038,126.9556328,414.6725836409922
포천이동갈비촌,서울 관악구 신원로 40-12 포천이동갈비촌,65000,38.0349856,127.3665589,71873.50385419856
푸른제주,서울 동작구 보라매로5길 15 푸른제주,200000,37.4921513,126.9241371,2877.954537723461
풍년갈비,서울 구로구 구로중앙로 51 풍년갈비,100000,37.4941346,126.889333,5769.9277839255665
풍년식당,서울 관악구 조원로 94 풍년식당,56000,37.4844507,126.9127293,3495.4225613677527
풍년옥,서울 관악구 관악로15길 9 풍년옥,1008000,37.4800171,126.9518634,215.92634324367705
풍년집,서울 관악구 난곡로 232 풍년집,122000,37.4748935,126.9170621,3061.8342534135386
풍성구이,서울 관악구 보라매로 23 풍성구이,100000,37.4914712,126.9266699,2649.8763825829647
풍천장어,서울 관악구 중앙2길 8 풍천장어,760000,37.4842048,126.9538486,709.7763666180541
하노이별,서울 관악구 관악로12길 3-14 하노이별,66000,37.4787136,126.9528059,132.44779533707342
하우림,서울 관악구 관악로15길 23 하우림,136000,37.4802149,126.9511036,238.73348945893983
하이보,서울 관악구 관악로 134 하이보,4470000,37.4772069,126.9526957,142.90051507329687
한고을해물칼국수,서울 관악구 난곡로 100 한고을해물칼국수,258500,37.4645339,126.9192526,3222.498234016551
한근한방삼계탕,서울 관악구 봉천로 396 한근한방삼계탕,627000,37.4827611,126.9436994,863.7304359888656
한류관,서울 영등포구 국회대로 750 한류관,105000,37.5282293,126.9164239,6376.944043463523
한우리축산물,서울 관악구 봉천동 한우리축산물,390000,37.4815115,126.9442269,747.6744686111043
한우마당,서울 관악구 시흥대로164길 3 한우마당,141500,37.482439,126.9017675,4417.03128638329
할매보쌈,서울 관악구 신림로 351 할매보쌈,408000,37.4855994,126.9291988,2139.4303743602404
함흥냉면,서울 관악구 봉천로 586 함흥냉면,18000,37.4766298,126.9622381,959.3682262587135
해물나라,서울 관악구 남부순환로 1674 해물나라,573000,37.46968469999999,126.9332266,1865.9142259152943
해물나라곤드레밥,서울 관악구 호암로 588 해물나라곤드레밥,1319000,37.46968469999999,126.9332266,1865.9142259152943
해태식당,서울 관악구 청룡1길 9 해태식당,225000,37.4811983,126.9481038,458.51461743276286
행복포차,서울 관악구 남부순환로 1713-20 행복포차,23000,37.4831971,126.9409717,1090.4114136321814
행운포차,서울 금천구 시흥대로50길 11 행운포차,88000,37.4514595,126.9028453,5218.192282816965
혜원약국,인천 옹진군 백령면 백령로 276-1 혜원약국,125000,37.9713354,124.7180703,203941.02960978658
홍매,서울 관악구 남부순환로210길 9 홍매,246000,37.4814886,126.9448909,696.4671464269148
홍반장,서울 관악구 봉천로 356 홍반장,30500,37.4774033,126.9584998,620.34010364274
홍콩반점,서울 관악구 관악로 152 홍콩반점,278500,37.478742,126.9525572,116.20755397750993
화로구이,서울 관악구 남부순환로 1453 화로구이,234240,37.48168390000001,126.9121746,3495.090495090573
황복,서울 관악구 봉천로 356 황복,390000,37.4839026,126.9393629,1252.4735694744559
황제갈비,서울 관악구 남부순환로 1644 황제갈비,501000,37.4843291,126.9332929,1751.7389174895136
황족,서울 관악구 남부순환로 1795 황족,60000,37.4818893,126.9497132,451.25533385900724
황태한마당,서울 관악구 남부순환로 1727-7 황태한마당,34000,37.4828453,126.9420361,989.9740438428435
황토방,서울 관악구 관악로12길 6 황토방,70000,37.4780833,126.9527667,109.66586727594014
회산한우,강원 강릉시 회산로 297 회산한우,36000,37.7361254,128.8627002,170780.192871749
회포차,서울 관악구 양녕로 14 회포차,41000,37.4831813,126.946666,709.7564823072768
효소원,서울 관악구 신원로 35 효소원,56000,37.4821999,126.928909,2047.118222473576
후포리,서울 관악구 봉천로 388 후포리,535000,37.4828727,126.9430771,915.3718673023825
훈이네해장국,서울 관악구 봉천로 360 훈이네해장국,160000,37.4838846,126.9397702,1220.7649429078376
훌랄라치킨,서울 관악구 원신길 134 훌랄라치킨,54500,37.5083298,126.9192689,4404.721790155526
흑다우,서울 강남구 남부순환로 2921 흑다우,137500,37.4935452,127.0596581,9694.533373611914
흑룡강성,서울 관악구 쑥고개로 68-1 흑룡강성,52500,37.4793278,126.9439704,680.5182288159659
흥부보쌈,서울 관악구 신림로59길 15-13 흥부보쌈,1167000,37.4826553,126.9293655,2019.9816344878805
희로애락,서울 관악구 봉천로 465 희로애락,508000,37.4824694,126.9516137,486.58733488309616
희전명가,서울 관악구 남부순환로180길 6 희전명가,88000,37.48521059999999,126.9315041,1935.6729705670125
히포커피,서울 관악구 신림로23길 21 히포커피,10800,37.4699694,126.9349681,1717.7710511198668
Ｇ마켓,서울 강남구 역삼동 Ｇ마켓,76000,37.4999707,127.0364812,7880.609104799532
